Price,Title,Link
1100.0,iPhone 14 pro Max 256gb. Clona,olx.roolx.ro/d/oferta/iphone-14-pro-max-256gb-clona-IDgOB2C.html
1400.0,Iphone 14 pro max purple cu cutie 512 Gb,olx.roolx.ro/d/oferta/iphone-14-pro-max-purple-cu-cutie-512-gb-IDgP3OQ.html
1481.0,Vând Iphone 14 pro Max nou,olx.roolx.ro/d/oferta/vand-iphone-14-pro-max-nou-IDgOr4M.html
1481.0,Vând iphone 14 pro max nou 256 GB 1 la 1,olx.roolx.ro/d/oferta/vand-iphone-14-pro-max-nou-256-gb-1-la-1-IDgNW6W.html
1500.0,Iphone 14 Pro Max Clonă 512 GB,olx.roolx.ro/d/oferta/iphone-14-pro-max-clona-512-gb-IDgPgci.html
1500.0,Vând ecran iPhone 14 Pro Max,olx.roolx.ro/d/oferta/vand-ecran-iphone-14-pro-max-IDgONsM.html
4350.0,Iphone 14 plus/pro vs pro max,olx.roolx.ro/d/oferta/iphone-14-plus-pro-vs-pro-max-IDgPzFy.html
4499.0,iPhone 14 PLUS 128GB 5G SIGILAT GARANTIE ! Black Negru Blue Albastru,olx.roolx.ro/d/oferta/iphone-14-plus-128gb-5g-sigilat-garantie-black-negru-blue-albastru-IDgLLWq.html
4700.0,"IPhone 14 pro max, vând urgent!!",olx.roolx.ro/d/oferta/iphone-14-pro-max-vand-urgent-IDgPsKK.html
4800.0,Iphone 14 pro Max 128gb,olx.roolx.ro/d/oferta/iphone-14-pro-max-128gb-IDgN2gD.html
5500.0,iPhone 14 Pro MAX 128GB SIGILAT,olx.roolx.ro/d/oferta/iphone-14-pro-max-128gb-sigilat-IDgPcAC.html
5500.0,Iphone 14 pro max,olx.roolx.ro/d/oferta/iphone-14-pro-max-IDgOTcE.html
5500.0,iPhone 14 pro max,olx.roolx.ro/d/oferta/iphone-14-pro-max-IDgOTR1.html
5999.0,Iphone 14 pro Sigilat-Sim-Europa,olx.roolx.ro/d/oferta/iphone-14-pro-sigilat-sim-europa-IDgLXKM.html
6000.0,IPhone 14 pro max 256 sigilat,olx.roolx.ro/d/oferta/iphone-14-pro-max-256-sigilat-IDgPzt3.html
6150.0,Iphone 14 pro gold impecabil,olx.roolx.ro/d/oferta/iphone-14-pro-gold-impecabil-IDgPjwJ.html
6300.0,Iphone 14 pro max Purple 128gb neverlocked impecabil,olx.roolx.ro/d/oferta/iphone-14-pro-max-purple-128gb-neverlocked-impecabil-IDgPHVQ.html
6500.0,"iPhone 14 pro max, 512 gb",olx.roolx.ro/d/oferta/iphone-14-pro-max-512-gb-IDgPycH.html
6500.0,iPhone 14 pro max,olx.roolx.ro/d/oferta/iphone-14-pro-max-IDgPquU.html
6500.0,Vând iPhone 14 Pro MAX Gold,olx.roolx.ro/d/oferta/vand-iphone-14-pro-max-gold-IDgPtOp.html
6500.0,iPhone 14 pro max 256 gb,olx.roolx.ro/d/oferta/iphone-14-pro-max-256-gb-IDgOD67.html
6550.0,iPhone 14 Pro Max 128gb!,olx.roolx.ro/d/oferta/iphone-14-pro-max-128gb-IDgPqzs.html
6600.0,Vand Urgent iPhone 14 Pro Max 1Tb Space Black Desfacut Pt Proba,olx.roolx.ro/d/oferta/vand-urgent-iphone-14-pro-max-1tb-space-black-desfacut-pt-proba-IDgPJcF.html
6700.0,iPhone 14 Pro Max,olx.roolx.ro/d/oferta/iphone-14-pro-max-IDgPavp.html
6764.0,"Vând iPhone 14 pro max ,128 gb,Silver",olx.roolx.ro/d/oferta/vand-iphone-14-pro-max-128-gb-silver-IDgPwql.html
6800.0,"iPhone 14 pro MAX 5G, Deep purple",olx.roolx.ro/d/oferta/iphone-14-pro-max-5g-deep-purple-IDgMU87.html
6800.0,"iPhone 14 Pro Max, 128GB, Gold Nou",olx.roolx.ro/d/oferta/iphone-14-pro-max-128gb-gold-nou-IDgL61p.html
6800.0,iPhone 14 pro max 256. Bg,olx.roolx.ro/d/oferta/iphone-14-pro-max-256-bg-IDgPaDH.html
6850.0,Vând iphone 14 pro max sigilat 256 gb/accept si schimb/garanție 2 ani,olx.roolx.ro/d/oferta/vand-iphone-14-pro-max-sigilat-256-gb-accept-si-schimb-garantie-2-ani-IDgP8Bk.html
6899.0,Okazie vand iphone 14 pro max 128 GB sigilat blek,olx.roolx.ro/d/oferta/okazie-vand-iphone-14-pro-max-128-gb-sigilat-blek-IDgPHDB.html
6900.0,iPhone 14 PRO MAX,olx.roolx.ro/d/oferta/iphone-14-pro-max-IDgNEQ3.html
6900.0,Iphone 14 Pro Max 256 Gb,olx.roolx.ro/d/oferta/iphone-14-pro-max-256-gb-IDgLTuZ.html
6900.0,iPhone 14 Pro MAX,olx.roolx.ro/d/oferta/iphone-14-pro-max-IDgOI5y.html
6900.0,iPhone 14Pro Max 128gb,olx.roolx.ro/d/oferta/iphone-14pro-max-128gb-IDgPKII.html
6900.0,iPhone 14 Pro Max 128GB Deep Purple nou in cutie!,olx.roolx.ro/d/oferta/iphone-14-pro-max-128gb-deep-purple-nou-in-cutie-IDgPuRD.html
6950.0,Iphone 14 Pro Max Nou Deep Purple Neverlocked Sim Fizic,olx.roolx.ro/d/oferta/iphone-14-pro-max-nou-deep-purple-neverlocked-sim-fizic-IDgPw79.html
6999.0,iPhone 14 PRO MAX 128GB 5G SIGILAT GARANTIE ! Gold Auriu Silver Alb,olx.roolx.ro/d/oferta/iphone-14-pro-max-128gb-5g-sigilat-garantie-gold-auriu-silver-alb-IDgNihj.html
7000.0,"Iphone 14 Pro Max, Space Black, 128GB!",olx.roolx.ro/d/oferta/iphone-14-pro-max-space-black-128gb-IDgobD6.html
7000.0,Apple iPhone 14 Pro Max 128GB sau Pro 128GB Deep Purple.Noi Sigilate !,olx.roolx.ro/d/oferta/apple-iphone-14-pro-max-128gb-sau-pro-128gb-deep-purple-noi-sigilate-IDgzFrh.html
7000.0,iPhone 14 pro max Silver 128 GB,olx.roolx.ro/d/oferta/iphone-14-pro-max-silver-128-gb-IDgPGOb.html
7000.0,Iphone 14 pro max 256,olx.roolx.ro/d/oferta/iphone-14-pro-max-256-IDgPg0m.html
7000.0,Apple iPhone 14 Pro Max 128GB sau Pro 128GB Deep Purple.Noi Sigilate !,olx.roolx.ro/d/oferta/apple-iphone-14-pro-max-128gb-sau-pro-128gb-deep-purple-noi-sigilate-IDgzFrh.html
7000.0,iphone 14 pro max 128gb,olx.roolx.ro/d/oferta/iphone-14-pro-max-128gb-IDgOvFT.html
7199.0,! iPhone 14 PRO MAX 128GB 5G SIGILAT ! Purple Mov Black Negru 256,olx.roolx.ro/d/oferta/iphone-14-pro-max-128gb-5g-sigilat-purple-mov-black-negru-256-IDgjmHd.html
7200.0,"iPhone 14 Pro Max, 128 GB, Deep Purple, PREȚ FIX",olx.roolx.ro/d/oferta/iphone-14-pro-max-128-gb-deep-purple-pret-fix-IDgLRnQ.html
7200.0,Iphone 14 pro max gold nou,olx.roolx.ro/d/oferta/iphone-14-pro-max-gold-nou-IDgPGXM.html
7200.0,Iphone 14 pro max 256,olx.roolx.ro/d/oferta/iphone-14-pro-max-256-IDgPqPH.html
7200.0,iPhone 14 pro max deep purple garantie emag,olx.roolx.ro/d/oferta/iphone-14-pro-max-deep-purple-garantie-emag-IDgPKVz.html
7299.0,Vând Iphone 14 Pro Max 256Gb Nou(Neactivate),olx.roolx.ro/d/oferta/vand-iphone-14-pro-max-256gb-nouneactivate-IDgPAPp.html
7299.0,Iphone 14 Pro Max 256GB Sigilat acte garantie space black neverlock,olx.roolx.ro/d/oferta/iphone-14-pro-max-256gb-sigilat-acte-garantie-space-black-neverlock-IDgO9Fd.html
7399.0,Iphone 14 pro max 128 gb gold space black silver nou sigilat,olx.roolx.ro/d/oferta/iphone-14-pro-max-128-gb-gold-space-black-silver-nou-sigilat-IDgF36u.html
7399.0,Iphone 14 pro max 128 gb gold space black silver nou sigilat,olx.roolx.ro/d/oferta/iphone-14-pro-max-128-gb-gold-space-black-silver-nou-sigilat-IDgF36u.html
7400.0,Iphone 14 Pro Max 128 Gb Space Sigilat,olx.roolx.ro/d/oferta/iphone-14-pro-max-128-gb-space-sigilat-IDgPJxE.html
7400.0,Iphone 14 pro max 256gb,olx.roolx.ro/d/oferta/iphone-14-pro-max-256gb-IDgP58h.html
7500.0,Iphone 14 PRO max 1Tb-Sigilat-Sim,olx.roolx.ro/d/oferta/iphone-14-pro-max-1tb-sigilat-sim-IDgKdib.html
7500.0,iPhone 14 pro max,olx.roolx.ro/d/oferta/iphone-14-pro-max-IDgPA2J.html
7500.0,Iphone 14 pro max 256gb black,olx.roolx.ro/d/oferta/iphone-14-pro-max-256gb-black-IDgPIUH.html
7500.0,Iphone 14 Pro Max purple Sigilat 128 Gb,olx.roolx.ro/d/oferta/iphone-14-pro-max-purple-sigilat-128-gb-IDgPJuV.html
7500.0,Iphone 14 Pro Max 256gb,olx.roolx.ro/d/oferta/iphone-14-pro-max-256gb-IDgPwFB.html
7550.0,"iPhone 14 pro max, 256 Gb,sigilat ,Deep Purple",olx.roolx.ro/d/oferta/iphone-14-pro-max-256-gb-sigilat-deep-purple-IDgPLB5.html
7600.0,Iphone 14 pro max NOU 256 SIM FIZIC,olx.roolx.ro/d/oferta/iphone-14-pro-max-nou-256-sim-fizic-IDgP6tL.html
7750.0,Iphone 14 Pro Max 256gb Deep Purple,olx.roolx.ro/d/oferta/iphone-14-pro-max-256gb-deep-purple-IDgOzIE.html
7800.0,Iphone 14 Pro Max 1Tb 10/10 Impecabil Space Black,olx.roolx.ro/d/oferta/iphone-14-pro-max-1tb-10-10-impecabil-space-black-IDgONc7.html
7800.0,Iphone 14pro max,olx.roolx.ro/d/oferta/iphone-14pro-max-IDgOEHe.html
7900.0,"Iphone 14 Pro Max 512gb, gold, Nou, neverlocked",olx.roolx.ro/d/oferta/iphone-14-pro-max-512gb-gold-nou-neverlocked-IDgPfCx.html
7999.0,Iphone 14 pro Max 256Gb Negru sigilat -garantie 12 luni - cu sim,olx.roolx.ro/d/oferta/iphone-14-pro-max-256gb-negru-sigilat-garantie-12-luni-cu-sim-IDgPLcd.html
7999.0,Iphone 14 pro Max 256Gb Silver/alb sigilat - garantie 12 luni - cu sim,olx.roolx.ro/d/oferta/iphone-14-pro-max-256gb-silver-alb-sigilat-garantie-12-luni-cu-sim-IDgPLd3.html
7999.0,iphone 14 Pro Max 512gb space black NOU SIGILAT,olx.roolx.ro/d/oferta/iphone-14-pro-max-512gb-space-black-nou-sigilat-IDgNf5O.html
8000.0,Iphone 14 pro max,olx.roolx.ro/d/oferta/iphone-14-pro-max-IDgPmVZ.html
8500.0,Iphone 14 Pro Max 512gb,olx.roolx.ro/d/oferta/iphone-14-pro-max-512gb-IDgPpNF.html
8500.0,Iphone 14 pro Max 1Tb,olx.roolx.ro/d/oferta/iphone-14-pro-max-1tb-IDgOEMk.html
8600.0,İphone 14 pro max,olx.roolx.ro/d/oferta/phone-14-pro-max-IDgOY0O.html
9000.0,IPhone 14 Pro max 1 TB GOLD,olx.roolx.ro/d/oferta/iphone-14-pro-max-1-tb-gold-IDgPyCt.html
11000.0,iPhone 14 Pro Max 1TB / GARANTIE 1 AN / asiitelefoanelor.ro,olx.roolx.ro/d/oferta/iphone-14-pro-max-1tb-garantie-1-an-asiitelefoanelor-ro-IDgNe9y.html
