123.0,Iphone 14 pro max black,olx.ro/d/oferta/iphone-14-pro-max-black-IDgNH4v.html
850.0,IPhone 14 pro max copie,olx.ro/d/oferta/iphone-14-pro-max-copie-IDgNZO8.html
1479.0,Vând Iphone 14 pro max nou,olx.ro/d/oferta/vand-iphone-14-pro-max-nou-IDgNWRE.html
1999.0,"Iphone 14 Pro Max ,Original,Complet,Deep Purple ,",olx.ro/d/oferta/iphone-14-pro-max-original-complet-deep-purple-IDgNmrb.html
2099.0,"Iphone 14 Pro Max,Mov,Complet,Original  100%",olx.ro/d/oferta/iphone-14-pro-max-mov-complet-original-100-IDgMTws.html
2500.0,"Demo unit - Iphone 14 pro max mov, 14 pro 14 plus - pentru recarosare",olx.ro/d/oferta/demo-unit-iphone-14-pro-max-mov-14-pro-14-plus-pentru-recarosare-IDgO0mj.html
2900.0,iPhone 14 pro MAX purple,olx.ro/d/oferta/iphone-14-pro-max-purple-IDgNWEw.html
2900.0,Vand iPhone 14 pro max,olx.ro/d/oferta/vand-iphone-14-pro-max-IDgO43Z.html
3199.0,Vand Iphone 12 Pro Max 256gb silver neverlocked (13 pro max 14 pro,olx.ro/d/oferta/vand-iphone-12-pro-max-256gb-silver-neverlocked-13-pro-max-14-pro-IDgO6kJ.html
3200.0,Iphone 14 pro max (pentru piese),olx.ro/d/oferta/iphone-14-pro-max-pentru-piese-IDgN6h8.html
3299.0,Iphone 12 pro max 256gb ca nou neverloked 13 pro max 14 pro max,olx.ro/d/oferta/iphone-12-pro-max-256gb-ca-nou-neverloked-13-pro-max-14-pro-max-IDgNZDi.html
3300.0,Apple Iphone 12 Pro Max 256gb ca nou neverlocked 14 pro max 13 pro max,olx.ro/d/oferta/apple-iphone-12-pro-max-256gb-ca-nou-neverlocked-14-pro-max-13-pro-max-IDgO1xC.html
3699.0,Iphone 14 /13 Pro Max preti fixxxxx,olx.ro/d/oferta/iphone-14-13-pro-max-preti-fixxxxx-IDgOcPv.html
3800.0,iPhone 14 pro max 256gb,olx.ro/d/oferta/iphone-14-pro-max-256gb-IDgO4If.html
4399.0,! iPhone 14 PLUS 128GB 5G SIGILAT GARANTIE ! Black Negru Blue Albastru,olx.ro/d/oferta/iphone-14-plus-128gb-5g-sigilat-garantie-black-negru-blue-albastru-IDgnpE3.html
4438.0,iPhone 14 Pro Max,olx.ro/d/oferta/iphone-14-pro-max-IDgNJs0.html
4800.0,Iphone 14 pro Max 128gb,olx.ro/d/oferta/iphone-14-pro-max-128gb-IDgN2gD.html
5500.0,Vand iphone 14 pro max,olx.ro/d/oferta/vand-iphone-14-pro-max-IDgOdfl.html
5500.0,Vand iphone 14 pro,olx.ro/d/oferta/vand-iphone-14-pro-IDgObyA.html
5917.0,Iphone 14 pro max 512 gb,olx.ro/d/oferta/iphone-14-pro-max-512-gb-IDgNdDV.html
6000.0,Vând iPhone 14 pro MAX,olx.ro/d/oferta/vand-iphone-14-pro-max-IDgN4NZ.html
6000.0,iPhone 14 Pro Max Gold 256gb,olx.ro/d/oferta/iphone-14-pro-max-gold-256gb-IDgNowj.html
6000.0,Iphone 14Pro max Nou neverlock,olx.ro/d/oferta/iphone-14pro-max-nou-neverlock-IDgKyzH.html
6200.0,iPhone 14 pro max,olx.ro/d/oferta/iphone-14-pro-max-IDgNg3K.html
6300.0,iPhone 14Pro MAX 128Gb purple !,olx.ro/d/oferta/iphone-14pro-max-128gb-purple-IDgNV5n.html
6400.0,iPhone 14 Pro max,olx.ro/d/oferta/iphone-14-pro-max-IDgMXR2.html
6400.0,iPhone 14 pro max,olx.ro/d/oferta/iphone-14-pro-max-IDgMJGo.html
6500.0,IPhone 14 Pro Max,olx.ro/d/oferta/iphone-14-pro-max-IDgO6nx.html
6500.0,iPhone 14 pro max purple,olx.ro/d/oferta/iphone-14-pro-max-purple-IDgNRWs.html
6500.0,iPhone 14 PRO MAX 128,olx.ro/d/oferta/iphone-14-pro-max-128-IDgNY22.html
6500.0,Iphone 14 pro max,olx.ro/d/oferta/iphone-14-pro-max-IDgNVfx.html
6500.0,Magazin Vinde : IPhone 14 Pro Max 128gb,olx.ro/d/oferta/magazin-vinde-iphone-14-pro-max-128gb-IDgN7ir.html
6559.0,iPhone 14 Pro Max 256 gb,olx.ro/d/oferta/iphone-14-pro-max-256-gb-IDgNmiX.html
6600.0,Iphone 14 pro Max 128 gb nou !,olx.ro/d/oferta/iphone-14-pro-max-128-gb-nou-IDgKf0u.html
6600.0,iPhone 14pro max256GB,olx.ro/d/oferta/iphone-14pro-max256gb-IDgBoTu.html
6700.0,IPhone 14 Pro Max 128gb Deep Purple,olx.ro/d/oferta/iphone-14-pro-max-128gb-deep-purple-IDgNRem.html
6700.0,iPhone 14 Pro MAX 256gb Deep Purple. Nou! Neverlock,olx.ro/d/oferta/iphone-14-pro-max-256gb-deep-purple-nou-neverlock-IDgOdg6.html
6800.0,iPhone 14 PRO MAX 256Gb Black Garantie,olx.ro/d/oferta/iphone-14-pro-max-256gb-black-garantie-IDgNYyU.html
6800.0,"iPhone 14 pro MAX 5G, Deep purple",olx.ro/d/oferta/iphone-14-pro-max-5g-deep-purple-IDgMU87.html
6900.0,Iphone 14 Pro Max 256 Gb,olx.ro/d/oferta/iphone-14-pro-max-256-gb-IDgLTuZ.html
7000.0,iPhone 14 PRO Max 128Gb Space Black Sigilat - Neverlocked,olx.ro/d/oferta/iphone-14-pro-max-128gb-space-black-sigilat-neverlocked-IDgNiiL.html
7000.0,Apple iPhone 14 Pro Max 128GB sau Pro 128GB Deep Purple.Noi Sigilate !,olx.ro/d/oferta/apple-iphone-14-pro-max-128gb-sau-pro-128gb-deep-purple-noi-sigilate-IDgzFrh.html
7000.0,iPhone 14 proMax,olx.ro/d/oferta/iphone-14-promax-IDgNmQj.html
7000.0,Iphone 14 Pro MAX 256 gold E-Sim,olx.ro/d/oferta/iphone-14-pro-max-256-gold-e-sim-IDgN9Gi.html
7000.0,Apple iPhone 14 pro max,olx.ro/d/oferta/apple-iphone-14-pro-max-IDgOd0u.html
7099.0,Iphone 14 Pro Max 5G Space Black 128Gb NOI Sigilate Sim Fizic Eu,olx.ro/d/oferta/iphone-14-pro-max-5g-space-black-128gb-noi-sigilate-sim-fizic-eu-IDgObC5.html
7150.0,iPhone 14 Pro Max Purple NOU / Sigilat,olx.ro/d/oferta/iphone-14-pro-max-purple-nou-sigilat-IDgJi7V.html
7199.0,iPhone 14 PRO MAX 128GB 5G SIGILAT GARANTIE ! Black Negru Gold 256,olx.ro/d/oferta/iphone-14-pro-max-128gb-5g-sigilat-garantie-black-negru-gold-256-IDgxZrr.html
